transaction_id,account_number,transaction_Date,transaction_type,transaction_amount
1,1,10/14/2021-09:23,visa-electron,81
2,2,7/23/2021-09:23,jcb,38
3,3,2/15/2021-09:23,diners-club-enroute,75
4,4,10/7/2021-09:23,americanexpress,26
1,1,10/14/2021-09:23,visa-electron,81
2,2,7/23/2021-09:23,jcb,38
3,3,2/15/2021-09:23,diners-club-enroute,75
4,4,10/7/2021-09:23,americanexpress,26
1,1,10/14/2021-09:23,visa-electron,81
2,2,7/23/2021-09:23,jcb,38
3,3,2/15/2021-09:23,diners-club-enroute,75
4,4,10/7/2021-09:23,americanexpress,26
1,1,10/14/2021-09:23,visa-electron,81
2,2,7/23/2021-09:23,jcb,38
3,3,2/15/2021-09:23,diners-club-enroute,75
4,4,10/7/2021-09:23,americanexpress,26
1,1,10/14/2021-09:23,visa-electron,81
2,2,7/23/2021-09:23,jcb,38
3,3,2/15/2021-09:23,diners-club-enroute,75
4,4,10/7/2021-09:23,americanexpress,26
1,1,10/14/2021-09:23,visa-electron,81
2,2,7/23/2021-09:23,jcb,38
3,3,2/15/2021-09:23,diners-club-enroute,75
4,4,10/7/2021-09:23,americanexpress,26
1,1,10/14/2021-09:23,visa-electron,81
2,2,7/23/2021-09:23,jcb,38
3,3,2/15/2021-09:23,diners-club-enroute,75
4,4,10/7/2021-09:23,americanexpress,26
1,1,10/14/2021-09:23,visa-electron,81
2,2,7/23/2021-09:23,jcb,38
3,3,2/15/2021-09:23,diners-club-enroute,75
4,4,10/7/2021-09:23,americanexpress,26
1,1,10/14/2021-09:23,visa-electron,81
2,2,7/23/2021-09:23,jcb,38
3,3,2/15/2021-09:23,diners-club-enroute,75
4,4,10/7/2021-09:23,americanexpress,26
1,1,10/14/2021-09:23,visa-electron,81
2,2,7/23/2021-09:23,jcb,38
3,3,2/15/2021-09:23,diners-club-enroute,75
4,4,10/7/2021-09:23,americanexpress,26

1,1,10/14/2021-09:23,visa-electron,81
2,2,7/23/2021-09:23,jcb,38
3,3,2/15/2021-09:23,diners-club-enroute,75
4,4,10/7/2021-09:23,americanexpress,26
1,1,10/14/2021-09:23,visa-electron,81
2,2,7/23/2021-09:23,jcb,38
3,3,2/15/2021-09:23,diners-club-enroute,75
4,4,10/7/2021-09:23,americanexpress,26
1,1,10/14/2021-09:23,visa-electron,81
2,2,7/23/2021-09:23,jcb,38
3,3,2/15/2021-09:23,diners-club-enroute,75
4,4,10/7/2021-09:23,americanexpress,26

1,1,10/14/2021-09:23,visa-electron,81
2,2,7/23/2021-09:23,jcb,38
3,3,2/15/2021-09:23,diners-club-enroute,75
4,4,10/7/2021-09:23,americanexpress,26
1,1,10/14/2021-09:23,visa-electron,81
2,2,7/23/2021-09:23,jcb,38
3,3,2/15/2021-09:23,diners-club-enroute,75
4,4,10/7/2021-09:23,americanexpress,26

